<annotation>
	<folder>images</folder>
	<filename>80.jpg</filename>
	<path>C:\Coding\Java Programs\Projects\Energy Conservation App\object_detection\Dataset\images\80.jpg</path>
	<source>
		<database>Unknown</database>
	</source>
	<size>
		<width>1920</width>
		<height>1080</height>
		<depth>3</depth>
	</size>
	<segmented>0</segmented>
	<object>
		<name>laptop</name>
		<pose>Unspecified</pose>
		<truncated>1</truncated>
		<difficult>0</difficult>
		<bndbox>
			<xmin>452</xmin>
			<ymin>103</ymin>
			<xmax>1485</xmax>
			<ymax>1080</ymax>
		</bndbox>
	</object>
	<object>
		<name>mobile</name>
		<pose>Unspecified</pose>
		<truncated>0</truncated>
		<difficult>0</difficult>
		<bndbox>
			<xmin>235</xmin>
			<ymin>15</ymin>
			<xmax>418</xmax>
			<ymax>165</ymax>
		</bndbox>
	</object>
	<object>
		<name>laptop</name>
		<pose>Unspecified</pose>
		<truncated>0</truncated>
		<difficult>0</difficult>
		<bndbox>
			<xmin>2</xmin>
			<ymin>23</ymin>
			<xmax>552</xmax>
			<ymax>228</ymax>
		</bndbox>
	</object>
</annotation>
