<annotation>
	<folder>images</folder>
	<filename>95.jpg</filename>
	<path>C:\Coding\Java Programs\Projects\Energy Conservation App\object_detection\Dataset\images\95.jpg</path>
	<source>
		<database>Unknown</database>
	</source>
	<size>
		<width>1080</width>
		<height>1920</height>
		<depth>3</depth>
	</size>
	<segmented>0</segmented>
	<object>
		<name>projector</name>
		<pose>Unspecified</pose>
		<truncated>0</truncated>
		<difficult>0</difficult>
		<bndbox>
			<xmin>550</xmin>
			<ymin>920</ymin>
			<xmax>737</xmax>
			<ymax>1275</ymax>
		</bndbox>
	</object>
	<object>
		<name>tubelight</name>
		<pose>Unspecified</pose>
		<truncated>0</truncated>
		<difficult>0</difficult>
		<bndbox>
			<xmin>656</xmin>
			<ymin>1046</ymin>
			<xmax>924</xmax>
			<ymax>1230</ymax>
		</bndbox>
	</object>
	<object>
		<name>tubelight</name>
		<pose>Unspecified</pose>
		<truncated>0</truncated>
		<difficult>0</difficult>
		<bndbox>
			<xmin>266</xmin>
			<ymin>1143</ymin>
			<xmax>530</xmax>
			<ymax>1359</ymax>
		</bndbox>
	</object>
	<object>
		<name>fan</name>
		<pose>Unspecified</pose>
		<truncated>1</truncated>
		<difficult>0</difficult>
		<bndbox>
			<xmin>1</xmin>
			<ymin>1091</ymin>
			<xmax>382</xmax>
			<ymax>1424</ymax>
		</bndbox>
	</object>
</annotation>
