<annotation>
	<folder>images</folder>
	<filename>84.jpg</filename>
	<path>C:\Coding\Java Programs\Projects\Energy Conservation App\object_detection\Dataset\images\84.jpg</path>
	<source>
		<database>Unknown</database>
	</source>
	<size>
		<width>1080</width>
		<height>1920</height>
		<depth>3</depth>
	</size>
	<segmented>0</segmented>
	<object>
		<name>fan</name>
		<pose>Unspecified</pose>
		<truncated>0</truncated>
		<difficult>0</difficult>
		<bndbox>
			<xmin>195</xmin>
			<ymin>1172</ymin>
			<xmax>863</xmax>
			<ymax>1578</ymax>
		</bndbox>
	</object>
	<object>
		<name>fan</name>
		<pose>Unspecified</pose>
		<truncated>1</truncated>
		<difficult>0</difficult>
		<bndbox>
			<xmin>1</xmin>
			<ymin>888</ymin>
			<xmax>275</xmax>
			<ymax>1040</ymax>
		</bndbox>
	</object>
	<object>
		<name>fan</name>
		<pose>Unspecified</pose>
		<truncated>0</truncated>
		<difficult>0</difficult>
		<bndbox>
			<xmin>695</xmin>
			<ymin>704</ymin>
			<xmax>985</xmax>
			<ymax>849</ymax>
		</bndbox>
	</object>
</annotation>
