<annotation>
	<folder>images</folder>
	<filename>85.jpg</filename>
	<path>C:\Coding\Java Programs\Projects\Energy Conservation App\object_detection\Dataset\images\85.jpg</path>
	<source>
		<database>Unknown</database>
	</source>
	<size>
		<width>1080</width>
		<height>1920</height>
		<depth>3</depth>
	</size>
	<segmented>0</segmented>
	<object>
		<name>fan</name>
		<pose>Unspecified</pose>
		<truncated>0</truncated>
		<difficult>0</difficult>
		<bndbox>
			<xmin>263</xmin>
			<ymin>1178</ymin>
			<xmax>946</xmax>
			<ymax>1604</ymax>
		</bndbox>
	</object>
	<object>
		<name>fan</name>
		<pose>Unspecified</pose>
		<truncated>0</truncated>
		<difficult>0</difficult>
		<bndbox>
			<xmin>43</xmin>
			<ymin>866</ymin>
			<xmax>346</xmax>
			<ymax>1043</ymax>
		</bndbox>
	</object>
	<object>
		<name>fan</name>
		<pose>Unspecified</pose>
		<truncated>0</truncated>
		<difficult>0</difficult>
		<bndbox>
			<xmin>801</xmin>
			<ymin>695</ymin>
			<xmax>1030</xmax>
			<ymax>824</ymax>
		</bndbox>
	</object>
</annotation>
