<annotation>
	<folder>images</folder>
	<filename>89.jpg</filename>
	<path>C:\Coding\Java Programs\Projects\Energy Conservation App\object_detection\Dataset\images\89.jpg</path>
	<source>
		<database>Unknown</database>
	</source>
	<size>
		<width>1080</width>
		<height>1920</height>
		<depth>3</depth>
	</size>
	<segmented>0</segmented>
	<object>
		<name>fan</name>
		<pose>Unspecified</pose>
		<truncated>1</truncated>
		<difficult>0</difficult>
		<bndbox>
			<xmin>1</xmin>
			<ymin>956</ymin>
			<xmax>921</xmax>
			<ymax>1495</ymax>
		</bndbox>
	</object>
	<object>
		<name>fan</name>
		<pose>Unspecified</pose>
		<truncated>0</truncated>
		<difficult>0</difficult>
		<bndbox>
			<xmin>672</xmin>
			<ymin>349</ymin>
			<xmax>1001</xmax>
			<ymax>527</ymax>
		</bndbox>
	</object>
	<object>
		<name>fan</name>
		<pose>Unspecified</pose>
		<truncated>0</truncated>
		<difficult>0</difficult>
		<bndbox>
			<xmin>343</xmin>
			<ymin>311</ymin>
			<xmax>514</xmax>
			<ymax>424</ymax>
		</bndbox>
	</object>
</annotation>
