<annotation>
	<folder>images</folder>
	<filename>90.jpg</filename>
	<path>C:\Coding\Java Programs\Projects\Energy Conservation App\object_detection\Dataset\images\90.jpg</path>
	<source>
		<database>Unknown</database>
	</source>
	<size>
		<width>1080</width>
		<height>1920</height>
		<depth>3</depth>
	</size>
	<segmented>0</segmented>
	<object>
		<name>fan</name>
		<pose>Unspecified</pose>
		<truncated>1</truncated>
		<difficult>0</difficult>
		<bndbox>
			<xmin>1</xmin>
			<ymin>830</ymin>
			<xmax>1014</xmax>
			<ymax>1527</ymax>
		</bndbox>
	</object>
	<object>
		<name>fan</name>
		<pose>Unspecified</pose>
		<truncated>1</truncated>
		<difficult>0</difficult>
		<bndbox>
			<xmin>756</xmin>
			<ymin>114</ymin>
			<xmax>1080</xmax>
			<ymax>285</ymax>
		</bndbox>
	</object>
	<object>
		<name>fan</name>
		<pose>Unspecified</pose>
		<truncated>0</truncated>
		<difficult>0</difficult>
		<bndbox>
			<xmin>340</xmin>
			<ymin>11</ymin>
			<xmax>537</xmax>
			<ymax>175</ymax>
		</bndbox>
	</object>
	<object>
		<name>fan</name>
		<pose>Unspecified</pose>
		<truncated>1</truncated>
		<difficult>0</difficult>
		<bndbox>
			<xmin>1</xmin>
			<ymin>1</ymin>
			<xmax>146</xmax>
			<ymax>78</ymax>
		</bndbox>
	</object>
</annotation>
