<annotation>
	<folder>images</folder>
	<filename>92.jpg</filename>
	<path>C:\Coding\Java Programs\Projects\Energy Conservation App\object_detection\Dataset\images\92.jpg</path>
	<source>
		<database>Unknown</database>
	</source>
	<size>
		<width>1080</width>
		<height>1920</height>
		<depth>3</depth>
	</size>
	<segmented>0</segmented>
	<object>
		<name>tubelight</name>
		<pose>Unspecified</pose>
		<truncated>0</truncated>
		<difficult>0</difficult>
		<bndbox>
			<xmin>85</xmin>
			<ymin>1137</ymin>
			<xmax>385</xmax>
			<ymax>1420</ymax>
		</bndbox>
	</object>
	<object>
		<name>fan</name>
		<pose>Unspecified</pose>
		<truncated>0</truncated>
		<difficult>0</difficult>
		<bndbox>
			<xmin>414</xmin>
			<ymin>998</ymin>
			<xmax>785</xmax>
			<ymax>1243</ymax>
		</bndbox>
	</object>
	<object>
		<name>tubelight</name>
		<pose>Unspecified</pose>
		<truncated>0</truncated>
		<difficult>0</difficult>
		<bndbox>
			<xmin>708</xmin>
			<ymin>1049</ymin>
			<xmax>966</xmax>
			<ymax>1269</ymax>
		</bndbox>
	</object>
</annotation>
