<annotation>
	<folder>images</folder>
	<filename>93.jpg</filename>
	<path>C:\Coding\Java Programs\Projects\Energy Conservation App\object_detection\Dataset\images\93.jpg</path>
	<source>
		<database>Unknown</database>
	</source>
	<size>
		<width>1080</width>
		<height>1920</height>
		<depth>3</depth>
	</size>
	<segmented>0</segmented>
	<object>
		<name>fan</name>
		<pose>Unspecified</pose>
		<truncated>0</truncated>
		<difficult>0</difficult>
		<bndbox>
			<xmin>250</xmin>
			<ymin>1056</ymin>
			<xmax>646</xmax>
			<ymax>1285</ymax>
		</bndbox>
	</object>
	<object>
		<name>tubelight</name>
		<pose>Unspecified</pose>
		<truncated>1</truncated>
		<difficult>0</difficult>
		<bndbox>
			<xmin>1</xmin>
			<ymin>1224</ymin>
			<xmax>204</xmax>
			<ymax>1482</ymax>
		</bndbox>
	</object>
	<object>
		<name>projector</name>
		<pose>Unspecified</pose>
		<truncated>0</truncated>
		<difficult>0</difficult>
		<bndbox>
			<xmin>840</xmin>
			<ymin>878</ymin>
			<xmax>1027</xmax>
			<ymax>1227</ymax>
		</bndbox>
	</object>
</annotation>
